id_cenario,fonte_origem,id_documento_origem,titulo_documento_origem,fonte_destino,id_documento_destino,titulo_documento_destino,distancia_destino,num_topics,passes,eta,alpha
NERDS_VIAJANTES-WIKIPEDIA-57_topics,NERDS_VIAJANTES,11,Santiago - Museu de Arte Pré-Colombiana Fechado para Reforma,WIKIPEDIA,583521,Parque Municipal Américo Renné Giannetti,0.09963149404838666,57,2,0.05,1
NERDS_VIAJANTES-WIKIPEDIA-57_topics,NERDS_VIAJANTES,60,Santiago - Restaurante Aquí Está Coco,WIKIPEDIA,607368,Serviço Nacional de Parques,0.16580226876405718,57,2,0.05,1
NERDS_VIAJANTES-WIKIPEDIA-57_topics,NERDS_VIAJANTES,111,Santiago - Palacio de la Moneda,WIKIPEDIA,109063,Grand Canyon,0.1916213286894825,57,2,0.05,1
NERDS_VIAJANTES-WIKIPEDIA-57_topics,NERDS_VIAJANTES,134,Revelando a Foto - Frutillar,WIKIPEDIA,2267833,Llanquihue,0.07055634363237329,57,2,0.05,1
NERDS_VIAJANTES-WIKIPEDIA-57_topics,NERDS_VIAJANTES,167,Revelando a Foto - Monument Valley,WIKIPEDIA,3031496,Quebrada das Conchas,0.11599065033382346,57,2,0.05,1
NERDS_VIAJANTES-WIKIPEDIA-57_topics,NERDS_VIAJANTES,173,Santiago - Cerro San Cristóbal,WIKIPEDIA,2636499,Urbanização na Argentina,0.12785147685867737,57,2,0.05,1
NERDS_VIAJANTES-WIKIPEDIA-57_topics,NERDS_VIAJANTES,1226,Frutillar - Museo Colonial Alemán,WIKIPEDIA,1361566,Alexandria (Luisiana),0.15195568494430065,57,2,0.05,1
NERDS_VIAJANTES-WIKIPEDIA-57_topics,NERDS_VIAJANTES,63,Bariloche - Restaurante Jauja,WIKIPEDIA,3241540,Base Capitão Arturo Prat,0.12656195605125803,57,2,0.05,1
NERDS_VIAJANTES-WIKIPEDIA-57_topics,NERDS_VIAJANTES,238,"Saltos del Petrohué, linda paisagem da Região dos Lagos do Chile",WIKIPEDIA,2853263,HMS Endeavour,0.16338679835564532,57,2,0.05,1
NERDS_VIAJANTES-WIKIPEDIA-57_topics,NERDS_VIAJANTES,282,Santiago - Catedral Metropolitana de Santiago,WIKIPEDIA,5884243,Praça João Lisboa,0.1439839128889429,57,2,0.05,1
NERDS_VIAJANTES-WIKIPEDIA-57_topics,NERDS_VIAJANTES,304,Puerto Octay - Restaurante Rancho Espantapájaros,WIKIPEDIA,1870654,Monte Shasta,0.16908748796366666,57,2,0.05,1
NERDS_VIAJANTES-WIKIPEDIA-57_topics,NERDS_VIAJANTES,379,29 de Fevereiro - Leap Day,WIKIPEDIA,2636499,Urbanização na Argentina,0.12981761644131218,57,2,0.05,1
NERDS_VIAJANTES-WIKIPEDIA-57_topics,NERDS_VIAJANTES,392,Revelando a Foto - Arches National Park,WIKIPEDIA,3958949,Cachoeira da Pirapora,0.08668819288631452,57,2,0.05,1
NERDS_VIAJANTES-WIKIPEDIA-57_topics,NERDS_VIAJANTES,454,Puerto Varas - Iglesia del Sagrado Corazón de Jesus,WIKIPEDIA,5555744,Praça Gonçalves Dias (São Luís),0.1066005694439889,57,2,0.05,1
NERDS_VIAJANTES-WIKIPEDIA-57_topics,NERDS_VIAJANTES,464,Revelando a Foto - Bridalveil Falls,WIKIPEDIA,1291909,Kaikoura,0.10708296807142717,57,2,0.05,1
NERDS_VIAJANTES-WIKIPEDIA-57_topics,NERDS_VIAJANTES,485,Santiago - Tirando suas dúvidas - Ask me,WIKIPEDIA,5447352,Charles Rebozo,0.11969889714779465,57,2,0.05,1
NERDS_VIAJANTES-WIKIPEDIA-57_topics,NERDS_VIAJANTES,489,Belo Horizonte - Restaurante do Porto,WIKIPEDIA,64980,Reserva da Biosfera do Cinturão Verde de São Paulo,0.20872287789626565,57,2,0.05,1
NERDS_VIAJANTES-WIKIPEDIA-57_topics,NERDS_VIAJANTES,504,"Puerto Varas - Verão, Calor e Vulcões",WIKIPEDIA,2437928,Osorno (vulcão),0.11038557304949494,57,2,0.05,1
NERDS_VIAJANTES-WIKIPEDIA-57_topics,NERDS_VIAJANTES,536,Caeté - Serra da Piedade,WIKIPEDIA,1149279,Pico da Ibituruna,0.28011419843388347,57,2,0.05,1
NERDS_VIAJANTES-WIKIPEDIA-57_topics,NERDS_VIAJANTES,566,Frutillar - Cidade Musical,WIKIPEDIA,4043416,Monumento Nacional (Estados Unidos),0.0751762118169873,57,2,0.05,1
NERDS_VIAJANTES-WIKIPEDIA-57_topics,NERDS_VIAJANTES,582,Santiago - Cerro Santa Lucía,WIKIPEDIA,287784,Bernardo O'Higgins,0.31433240575407456,57,2,0.05,1
NERDS_VIAJANTES-WIKIPEDIA-57_topics,NERDS_VIAJANTES,619,Santiago - Restaurante Backstage Experience,WIKIPEDIA,5079095,Montanhas Rochosas Canadianas,0.12388371308932718,57,2,0.05,1
NERDS_VIAJANTES-WIKIPEDIA-57_topics,NERDS_VIAJANTES,631,Revelando a Foto - Mesa Arch,WIKIPEDIA,5573745,Rubicon Trail,0.15312433169666734,57,2,0.05,1
NERDS_VIAJANTES-WIKIPEDIA-57_topics,NERDS_VIAJANTES,663,Frutillar - Um Pedaço da Alemanha no Chile,WIKIPEDIA,5309364,Allamoore,0.1418432540813449,57,2,0.05,1
NERDS_VIAJANTES-WIKIPEDIA-57_topics,NERDS_VIAJANTES,407,Aplicativo - The Weather Channel - Previsão Meteorológica ,WIKIPEDIA,5871793,Housetrucker,0.3230217127012511,57,2,0.05,1
NERDS_VIAJANTES-WIKIPEDIA-57_topics,NERDS_VIAJANTES,694,Frutillar - Em Preto e Branco,WIKIPEDIA,3476774,6º Distrito Congressional da Geórgia,0.11306294831803333,57,2,0.05,1
NERDS_VIAJANTES-WIKIPEDIA-57_topics,NERDS_VIAJANTES,705,Revelando a Foto - Grand Canyon National Park,WIKIPEDIA,2025671,Regiões da Nova Zelândia,0.11397613953194151,57,2,0.05,1
NERDS_VIAJANTES-WIKIPEDIA-57_topics,NERDS_VIAJANTES,732,Bariloche - Cervejaria Antares,WIKIPEDIA,588018,Monte Fitz Roy,0.21780219978650384,57,2,0.05,1
NERDS_VIAJANTES-WIKIPEDIA-57_topics,NERDS_VIAJANTES,752,Puerto Montt - Palafitos de Angelmó - Restaurante 15,WIKIPEDIA,3631665,Parque do Povo (Berkeley),0.17487046266958683,57,2,0.05,1
NERDS_VIAJANTES-WIKIPEDIA-57_topics,NERDS_VIAJANTES,768,Parque Nacional Lanín - Passeando entre Lagos e o Vulcão Lanín,WIKIPEDIA,1403174,Parque Nacional e Reserva de Denali,0.28942327924673067,57,2,0.05,1
NERDS_VIAJANTES-WIKIPEDIA-57_topics,NERDS_VIAJANTES,777,Parque Nacional Lanín - Navegando pelos Lagos Huechulafquen e Epulafquen,WIKIPEDIA,1450169,Lista de porta-aviões da Marinha dos Estados Unidos,0.2550010845217362,57,2,0.05,1
NERDS_VIAJANTES-WIKIPEDIA-57_topics,NERDS_VIAJANTES,783,Puerto Montt - Palafitos de Angelmó - Restaurante 9,WIKIPEDIA,5583852,Gold Country,0.19686096534961642,57,2,0.05,1
NERDS_VIAJANTES-WIKIPEDIA-57_topics,NERDS_VIAJANTES,799,Puerto Octay - Arquitetura Alemã e Vulcões,WIKIPEDIA,4413651,Instituto Brasília Ambiental,0.22531135989997225,57,2,0.05,1
NERDS_VIAJANTES-WIKIPEDIA-57_topics,NERDS_VIAJANTES,810,Revelando a Foto - Delicate Arch,WIKIPEDIA,1361566,Alexandria (Luisiana),0.13013080355045162,57,2,0.05,1
NERDS_VIAJANTES-WIKIPEDIA-57_topics,NERDS_VIAJANTES,3005,Revelando a Foto - Montserrat,WIKIPEDIA,3476774,6º Distrito Congressional da Geórgia,0.138260540246555,57,2,0.05,1
NERDS_VIAJANTES-WIKIPEDIA-57_topics,NERDS_VIAJANTES,848,Região dos Lagos Chilenos - Lago Todos Los Santos e Isla Margarita,WIKIPEDIA,1450169,Lista de porta-aviões da Marinha dos Estados Unidos,0.221349209374661,57,2,0.05,1
NERDS_VIAJANTES-WIKIPEDIA-57_topics,NERDS_VIAJANTES,915,Barcelona - Bicing,WIKIPEDIA,5871793,Housetrucker,0.33011807532885673,57,2,0.05,1
NERDS_VIAJANTES-WIKIPEDIA-57_topics,NERDS_VIAJANTES,932,Barcelona - Mercat de la Boqueria,WIKIPEDIA,2636499,Urbanização na Argentina,0.19375992718767676,57,2,0.05,1
NERDS_VIAJANTES-WIKIPEDIA-57_topics,NERDS_VIAJANTES,972,Revelando a Foto - Lago Meliquina,WIKIPEDIA,2304972,Chile Chico,0.16521991323758206,57,2,0.05,1
NERDS_VIAJANTES-WIKIPEDIA-57_topics,NERDS_VIAJANTES,983,Barcelona - Curso de Fotografia ,WIKIPEDIA,2636499,Urbanização na Argentina,0.09209865819144374,57,2,0.05,1
NERDS_VIAJANTES-WIKIPEDIA-57_topics,NERDS_VIAJANTES,1020,Barcelona - Parc Güell,WIKIPEDIA,356718,Passeio Público (Curitiba),0.3802745926834061,57,2,0.05,1
NERDS_VIAJANTES-WIKIPEDIA-57_topics,NERDS_VIAJANTES,1181,Revelando a Foto - Cinderela no Magic Kingdom,WIKIPEDIA,1377202,Aiea (Havaí),0.11023975717394537,57,2,0.05,1
NERDS_VIAJANTES-WIKIPEDIA-57_topics,NERDS_VIAJANTES,1196,Cinema no Rio - Levando a Sétima Arte às Comunidades Ribeirinhas do Rio São Francisco,WIKIPEDIA,2636499,Urbanização na Argentina,0.13349931206552726,57,2,0.05,1
NERDS_VIAJANTES-WIKIPEDIA-57_topics,NERDS_VIAJANTES,1071,Vulcão Osorno - Subindo o Vulcão,WIKIPEDIA,4988459,Deserto do Colorado,0.24254671498515581,57,2,0.05,1
NERDS_VIAJANTES-WIKIPEDIA-57_topics,NERDS_VIAJANTES,1165,Santiago - Restaurante Fukai Sushi Lounge and Asian Bistro,WIKIPEDIA,100626,Subdivisões da Argentina,0.19662396722256795,57,2,0.05,1
NERDS_VIAJANTES-WIKIPEDIA-57_topics,NERDS_VIAJANTES,6325,Alasca - Denali Morning Hostel,WIKIPEDIA,445474,Monte Denali,0.3428626419890137,57,2,0.05,1
NERDS_VIAJANTES-WIKIPEDIA-57_topics,NERDS_VIAJANTES,12609,Quando ir para a Islândia,WIKIPEDIA,4641984,Emigração Argentina,0.193032942839986,57,2,0.05,1
NERDS_VIAJANTES-WIKIPEDIA-57_topics,NERDS_VIAJANTES,12708,Chapada dos Guimarães - Mirante Morro dos Ventos,WIKIPEDIA,157479,Dover International Speedway,0.15795213899711277,57,2,0.05,1
NERDS_VIAJANTES-WIKIPEDIA-57_topics,NERDS_VIAJANTES,1364,Revelando a Foto - McWay Falls,WIKIPEDIA,1647492,Old Faithful,0.16061483995796594,57,2,0.05,1
NERDS_VIAJANTES-WIKIPEDIA-57_topics,NERDS_VIAJANTES,1356,Bariloche - Cerro Tronador e Cascada los Alerces,WIKIPEDIA,5499842,Lista de comandantes do Corpo de Fuzileiros dos Estados Unidos,0.28995399640488845,57,2,0.05,1
NERDS_VIAJANTES-WIKIPEDIA-57_topics,NERDS_VIAJANTES,2665,Bariloche - Post Índice,WIKIPEDIA,2192922,Parque Nacional Nahuel Huapi,0.24593507858839014,57,2,0.05,1
NERDS_VIAJANTES-WIKIPEDIA-57_topics,NERDS_VIAJANTES,1357,Rota dos Sete Lagos - De Bariloche a San Martín de los Andes,WIKIPEDIA,2304972,Chile Chico,0.4948136492078975,57,2,0.05,1
NERDS_VIAJANTES-WIKIPEDIA-57_topics,NERDS_VIAJANTES,1579,Revelando a Foto - Parc Guell,WIKIPEDIA,79565,Lista de abreviações postais dos Estados Unidos,0.1138312945713347,57,2,0.05,1
NERDS_VIAJANTES-WIKIPEDIA-57_topics,NERDS_VIAJANTES,2066,Revelando a Foto - Navajo Lake,WIKIPEDIA,3460416,Monte Shishaldin,0.07963645775276429,57,2,0.05,1
NERDS_VIAJANTES-WIKIPEDIA-57_topics,NERDS_VIAJANTES,1681,Villa Traful - Um Desvio Prazeroso na Rota dos Sete Lagos,WIKIPEDIA,2304972,Chile Chico,0.2915559910643612,57,2,0.05,1
NERDS_VIAJANTES-WIKIPEDIA-57_topics,NERDS_VIAJANTES,1739,Revelando a Foto - Cotidiano em Tiradentes,WIKIPEDIA,1676070,Americas' Courtyard,0.10118273194432062,57,2,0.05,1
NERDS_VIAJANTES-WIKIPEDIA-57_topics,NERDS_VIAJANTES,1693,Revelando a Foto - Cascada los Alerces,WIKIPEDIA,2601488,Prudhoe Bay,0.11473736831280543,57,2,0.05,1
NERDS_VIAJANTES-WIKIPEDIA-57_topics,NERDS_VIAJANTES,9409,Revelando a Foto - Flores no Epcot,WIKIPEDIA,1291909,Kaikoura,0.08338301234568492,57,2,0.05,1
NERDS_VIAJANTES-WIKIPEDIA-57_topics,NERDS_VIAJANTES,9525,Revelando a Foto - Pôr do Sol no Yellowstone,WIKIPEDIA,3472894,Lago Isa,0.13034722470435536,57,2,0.05,1
NERDS_VIAJANTES-WIKIPEDIA-57_topics,NERDS_VIAJANTES,1704,Blogs de Viagens,WIKIPEDIA,3319601,Feira Tecnópolis,0.20790170819923431,57,2,0.05,1
NERDS_VIAJANTES-WIKIPEDIA-57_topics,NERDS_VIAJANTES,1748,Região dos Lagos Chilenos - Roteiro Volta ao Lago Llanquihue,WIKIPEDIA,570874,Frutillar,0.14175981031930027,57,2,0.05,1
NERDS_VIAJANTES-WIKIPEDIA-57_topics,NERDS_VIAJANTES,1821,"Puerto Varas - Restaurante, Cafeteria e Chocolateria Cassis",WIKIPEDIA,3241540,Base Capitão Arturo Prat,0.16041940492196172,57,2,0.05,1
NERDS_VIAJANTES-WIKIPEDIA-57_topics,NERDS_VIAJANTES,1960,Chile - Não Durma no Voo,WIKIPEDIA,2662958,Plano Cavallo,0.07081650526456566,57,2,0.05,1
NERDS_VIAJANTES-WIKIPEDIA-57_topics,NERDS_VIAJANTES,1799,Porque Gostamos de Voar pela LAN,WIKIPEDIA,583539,Parque Ecológico e Cultural Professor Marcos Mazzoni,0.13777161236022673,57,2,0.05,1
NERDS_VIAJANTES-WIKIPEDIA-57_topics,NERDS_VIAJANTES,5983,Belo Horizonte - Lua Cheia no Museu 2013,WIKIPEDIA,6019081,Corredor Ecológico do Norte da Amazônia,0.20806207083522896,57,2,0.05,1
NERDS_VIAJANTES-WIKIPEDIA-57_topics,NERDS_VIAJANTES,5861,Revelando a Foto - Coiote no Yellowstone National Park,WIKIPEDIA,5499842,Lista de comandantes do Corpo de Fuzileiros dos Estados Unidos,0.08919596898135622,57,2,0.05,1
NERDS_VIAJANTES-WIKIPEDIA-57_topics,NERDS_VIAJANTES,1772,Revelando a Foto - Parque das Aves,WIKIPEDIA,1267178,Parque Nacional de Grand Teton,0.1217668346774236,57,2,0.05,1
NERDS_VIAJANTES-WIKIPEDIA-57_topics,NERDS_VIAJANTES,2024,Santiago - Vinícola Concha y Toro,WIKIPEDIA,5824384,Diagonal árida da América do Sul,0.31511573402463955,57,2,0.05,1
NERDS_VIAJANTES-WIKIPEDIA-57_topics,NERDS_VIAJANTES,1873,Revelando a Foto - Forrest Gump Point e Monument Valley,WIKIPEDIA,3031496,Quebrada das Conchas,0.18804236290545917,57,2,0.05,1
NERDS_VIAJANTES-WIKIPEDIA-57_topics,NERDS_VIAJANTES,2369,Bariloche - Isla Victoria y Bosque de Arrayanes,WIKIPEDIA,4990588,Parque Estadual Serra da Candonga,0.28629390881611205,57,2,0.05,1
NERDS_VIAJANTES-WIKIPEDIA-57_topics,NERDS_VIAJANTES,2469,Revelando a Foto - Antelope Canyon,WIKIPEDIA,109063,Grand Canyon,0.22549185504286806,57,2,0.05,1
NERDS_VIAJANTES-WIKIPEDIA-57_topics,NERDS_VIAJANTES,1835,Puerto Montt - Diversão para as Crianças,WIKIPEDIA,6302488,Reserva Biológica Professor José Ângelo Rizzo,0.1355065145510117,57,2,0.05,1
NERDS_VIAJANTES-WIKIPEDIA-57_topics,NERDS_VIAJANTES,1850,Puerto Montt - Explorando a Região Portuária,WIKIPEDIA,2544623,Avós da Praça de Maio,0.1329791762212389,57,2,0.05,1
NERDS_VIAJANTES-WIKIPEDIA-57_topics,NERDS_VIAJANTES,2198,Belo Horizonte - Caminhada da Lua Cheia,WIKIPEDIA,6019081,Corredor Ecológico do Norte da Amazônia,0.4124873087115515,57,2,0.05,1
NERDS_VIAJANTES-WIKIPEDIA-57_topics,NERDS_VIAJANTES,2127,Santiago - Post índice,WIKIPEDIA,6498209,Reserva de Desenvolvimento Sustentável Nascentes Geraizeiras,0.10867112031259119,57,2,0.05,1
NERDS_VIAJANTES-WIKIPEDIA-57_topics,NERDS_VIAJANTES,1969,Santiago - Restaurante Liguria,WIKIPEDIA,3608702,Parque Itaimbé,0.12324839695735268,57,2,0.05,1
NERDS_VIAJANTES-WIKIPEDIA-57_topics,NERDS_VIAJANTES,1982,Santiago - Mercado Central,WIKIPEDIA,3527593,Montes Sangre de Cristo,0.12354133801580054,57,2,0.05,1
NERDS_VIAJANTES-WIKIPEDIA-57_topics,NERDS_VIAJANTES,9284,Revelando a Foto - São João em São Luís,WIKIPEDIA,69602,Falha de Santo André,0.06251774476396868,57,2,0.05,1
NERDS_VIAJANTES-WIKIPEDIA-57_topics,NERDS_VIAJANTES,2489,Bariloche - Cerro Campanario,WIKIPEDIA,84263,Wikipédia:Lista de predefinições/Esboços/Geografia,0.2642456170289724,57,2,0.05,1
NERDS_VIAJANTES-WIKIPEDIA-57_topics,NERDS_VIAJANTES,2511,Revelando a Foto - Ninho do Pássaro,WIKIPEDIA,3457503,Maunga Terevaka,0.13182475431129267,57,2,0.05,1
NERDS_VIAJANTES-WIKIPEDIA-57_topics,NERDS_VIAJANTES,9666,Revelando a Foto - Ponte do Brooklyn em NY,WIKIPEDIA,2852043,Cordilheira Teton,0.09653044751198964,57,2,0.05,1
NERDS_VIAJANTES-WIKIPEDIA-57_topics,NERDS_VIAJANTES,2095,Santiago - Bairro Paris-Londres,WIKIPEDIA,211790,Ann Arbor,0.2659317797528623,57,2,0.05,1
NERDS_VIAJANTES-WIKIPEDIA-57_topics,NERDS_VIAJANTES,2297,Bariloche - Um Hotel de Encher os Olhos,WIKIPEDIA,2192922,Parque Nacional Nahuel Huapi,0.20712619080083225,57,2,0.05,1
NERDS_VIAJANTES-WIKIPEDIA-57_topics,NERDS_VIAJANTES,2137,Do Chile a Argentina sob Cinzas Vulcânicas,WIKIPEDIA,2304972,Chile Chico,0.14378374988925516,57,2,0.05,1
NERDS_VIAJANTES-WIKIPEDIA-57_topics,NERDS_VIAJANTES,5933,Alasca - Visita ao Portage Valley,WIKIPEDIA,2456545,Península de Kenai,0.36208727706426647,57,2,0.05,1
NERDS_VIAJANTES-WIKIPEDIA-57_topics,NERDS_VIAJANTES,2168,Revelando a Foto - Dia dos Namorados,WIKIPEDIA,2601488,Prudhoe Bay,0.1645090520000198,57,2,0.05,1
NERDS_VIAJANTES-WIKIPEDIA-57_topics,NERDS_VIAJANTES,2253,Bariloche - Centro Cívico,WIKIPEDIA,2636499,Urbanização na Argentina,0.12291276526186323,57,2,0.05,1
NERDS_VIAJANTES-WIKIPEDIA-57_topics,NERDS_VIAJANTES,2269,Bariloche - Catedral Nuestra Señora del Nahuel Huapi,WIKIPEDIA,2544623,Avós da Praça de Maio,0.137629026325483,57,2,0.05,1
NERDS_VIAJANTES-WIKIPEDIA-57_topics,NERDS_VIAJANTES,3665,Seward Highway - Entre Montanhas e Glaciares no Alasca,WIKIPEDIA,2456545,Península de Kenai,0.22047650678413677,57,2,0.05,1
NERDS_VIAJANTES-WIKIPEDIA-57_topics,NERDS_VIAJANTES,2313,Revelando a Foto - Parque Nacional Lanín,WIKIPEDIA,2185205,Monte Conness,0.07790274596530082,57,2,0.05,1
NERDS_VIAJANTES-WIKIPEDIA-57_topics,NERDS_VIAJANTES,9123,Revelando a Foto - Pescador na Praia Vermelha,WIKIPEDIA,1953845,Território organizado dos Estados Unidos,0.30783229754533054,57,2,0.05,1
NERDS_VIAJANTES-WIKIPEDIA-57_topics,NERDS_VIAJANTES,2421,Revelando a Foto - Barco no Lago Espejo Chico,WIKIPEDIA,1676985,Caatinga fluminense,0.30793237433591497,57,2,0.05,1
NERDS_VIAJANTES-WIKIPEDIA-57_topics,NERDS_VIAJANTES,2349,Bariloche - Restaurante La Lola,WIKIPEDIA,5651971,Lista de regiões geográficas intermediárias e imediatas do Brasil,0.19248515277739162,57,2,0.05,1
NERDS_VIAJANTES-WIKIPEDIA-57_topics,NERDS_VIAJANTES,2407,Revelando a Foto - Vulcão Osorno,WIKIPEDIA,1987388,Lista de parques estaduais da Dakota do Norte,0.07967205131602524,57,2,0.05,1
NERDS_VIAJANTES-WIKIPEDIA-57_topics,NERDS_VIAJANTES,4650,Revelando a Foto - Retrospectiva 2012,WIKIPEDIA,3031496,Quebrada das Conchas,0.22428754887446667,57,2,0.05,1
NERDS_VIAJANTES-WIKIPEDIA-57_topics,NERDS_VIAJANTES,9323,Revelando a Foto - Copa do Mundo,WIKIPEDIA,3527593,Montes Sangre de Cristo,0.12602812428929283,57,2,0.05,1
NERDS_VIAJANTES-WIKIPEDIA-57_topics,NERDS_VIAJANTES,2845,São Luís - Teatro Arthur Azevedo,WIKIPEDIA,538080,Aldao (San Lorenzo),0.28046190258795073,57,2,0.05,1
NERDS_VIAJANTES-WIKIPEDIA-57_topics,NERDS_VIAJANTES,4022,Belo Horizonte - Memorial Minas Gerais - Vale,WIKIPEDIA,6560400,Lista do Patrimônio Mundial nos Estados Unidos,0.3083073578774396,57,2,0.05,1
NERDS_VIAJANTES-WIKIPEDIA-57_topics,NERDS_VIAJANTES,2563,Barreirinhas - Restaurante Marina Tropical,WIKIPEDIA,64980,Reserva da Biosfera do Cinturão Verde de São Paulo,0.2022235380716213,57,2,0.05,1
NERDS_VIAJANTES-WIKIPEDIA-57_topics,NERDS_VIAJANTES,2566,São Luís - Restaurante Cabana do Sol,WIKIPEDIA,3984487,Compromisso de 1877,0.14436626683487674,57,2,0.05,1
NERDS_VIAJANTES-WIKIPEDIA-57_topics,NERDS_VIAJANTES,2568,Paso Córdoba - De San Martín de los Andes a Bariloche,WIKIPEDIA,2304972,Chile Chico,0.21361501624135312,57,2,0.05,1
NERDS_VIAJANTES-WIKIPEDIA-57_topics,NERDS_VIAJANTES,2611,Revelando a Foto - Lençóis Maranhenses,WIKIPEDIA,1713170,District of Columbia War Memorial,0.32047522296069,57,2,0.05,1
NERDS_VIAJANTES-WIKIPEDIA-57_topics,NERDS_VIAJANTES,2815,Blogagem Coletiva - Cores de Viagem,WIKIPEDIA,1867668,Trilha Bozeman,0.27397817562802845,57,2,0.05,1
NERDS_VIAJANTES-WIKIPEDIA-57_topics,NERDS_VIAJANTES,12287,El Chaltén - Volta à Laguna de los Tres,WIKIPEDIA,3334201,Ilha da Califórnia,0.40196758574191355,57,2,0.05,1
NERDS_VIAJANTES-WIKIPEDIA-57_topics,NERDS_VIAJANTES,8331,Washington DC - Hotel Capital Hilton,WIKIPEDIA,3546927,Mullan Road,0.11612585302877271,57,2,0.05,1
NERDS_VIAJANTES-WIKIPEDIA-57_topics,NERDS_VIAJANTES,2880,Revelando a Foto - Basílica de la Sagrada Família,WIKIPEDIA,216077,Bosque Alemão,0.14854700040024513,57,2,0.05,1
NERDS_VIAJANTES-WIKIPEDIA-57_topics,NERDS_VIAJANTES,2751,São Luís - Cidade dos Azulejos,WIKIPEDIA,2895572,Praça Pedro II (São Luís),0.12345119684015027,57,2,0.05,1
NERDS_VIAJANTES-WIKIPEDIA-57_topics,NERDS_VIAJANTES,2777,São Luís - Igreja da Sé,WIKIPEDIA,2895572,Praça Pedro II (São Luís),0.18740212349533328,57,2,0.05,1
NERDS_VIAJANTES-WIKIPEDIA-57_topics,NERDS_VIAJANTES,2795,Revelando a Foto - Vassouras,WIKIPEDIA,1291909,Kaikoura,0.09816556202281683,57,2,0.05,1
NERDS_VIAJANTES-WIKIPEDIA-57_topics,NERDS_VIAJANTES,2865,São Luís - Um Olhar Fotográfico pelo Centro Histórico,WIKIPEDIA,2895572,Praça Pedro II (São Luís),0.12160847081487014,57,2,0.05,1
NERDS_VIAJANTES-WIKIPEDIA-57_topics,NERDS_VIAJANTES,2884,São Luís - Centro Histórico em Festa,WIKIPEDIA,538080,Aldao (San Lorenzo),0.1493229993683136,57,2,0.05,1
NERDS_VIAJANTES-WIKIPEDIA-57_topics,NERDS_VIAJANTES,3996,Revelando a Foto - Denali Park Road,WIKIPEDIA,2178246,Half Dome,0.07549632499644802,57,2,0.05,1
NERDS_VIAJANTES-WIKIPEDIA-57_topics,NERDS_VIAJANTES,2934,São Luís - Centro de Cultura Popular Domingos Vieira Filho,WIKIPEDIA,2311224,Laguna Blanca (comuna),0.17719054599612932,57,2,0.05,1
NERDS_VIAJANTES-WIKIPEDIA-57_topics,NERDS_VIAJANTES,6460,Revelando a Foto - Zabriskie Point,WIKIPEDIA,3255366,Toqui,0.11394378513310321,57,2,0.05,1
NERDS_VIAJANTES-WIKIPEDIA-57_topics,NERDS_VIAJANTES,2949,São Luís - Conhecendo o São João do Maranhão,WIKIPEDIA,588018,Monte Fitz Roy,0.3260639491810401,57,2,0.05,1
NERDS_VIAJANTES-WIKIPEDIA-57_topics,NERDS_VIAJANTES,2977,Revelando a Foto - Drepung Monastery,WIKIPEDIA,1291909,Kaikoura,0.17241638705495352,57,2,0.05,1
NERDS_VIAJANTES-WIKIPEDIA-57_topics,NERDS_VIAJANTES,2994,Lençóis Maranhenses - Lagoa dos Peixes,WIKIPEDIA,6415856,Reserva Lagoa São Paulo,0.4598073196627462,57,2,0.05,1
NERDS_VIAJANTES-WIKIPEDIA-57_topics,NERDS_VIAJANTES,2996,Revelando a Foto - Silhueta nos Lençóis Maranhenses,WIKIPEDIA,1403583,Inés Suárez,0.17587259356466256,57,2,0.05,1
NERDS_VIAJANTES-WIKIPEDIA-57_topics,NERDS_VIAJANTES,3000,Revelando a Foto - Escadas da Sagrada Família,WIKIPEDIA,2845656,Rio Matanza-Riachuelo,0.18984612278966426,57,2,0.05,1
NERDS_VIAJANTES-WIKIPEDIA-57_topics,NERDS_VIAJANTES,3016,São Luís - Post Índice,WIKIPEDIA,5884243,Praça João Lisboa,0.15962793274077003,57,2,0.05,1
NERDS_VIAJANTES-WIKIPEDIA-57_topics,NERDS_VIAJANTES,3839,Revelando a Foto - Maria Fumaça em Tiradentes,WIKIPEDIA,69602,Falha de Santo André,0.0908240758464815,57,2,0.05,1
NERDS_VIAJANTES-WIKIPEDIA-57_topics,NERDS_VIAJANTES,3721,Revelando a Foto - Mount Moran,WIKIPEDIA,3460416,Monte Shishaldin,0.08469699826149409,57,2,0.05,1
NERDS_VIAJANTES-WIKIPEDIA-57_topics,NERDS_VIAJANTES,3095,Barreirinhas - Restaurante Barlavento,WIKIPEDIA,4585515,Floresta paludosa,0.14490908131847413,57,2,0.05,1
NERDS_VIAJANTES-WIKIPEDIA-57_topics,NERDS_VIAJANTES,3115,Mandacaru - A Melhor Caipirinha de Caju,WIKIPEDIA,3458521,Geographic Names Information System,0.20858778712861595,57,2,0.05,1
NERDS_VIAJANTES-WIKIPEDIA-57_topics,NERDS_VIAJANTES,3125,Mandacaru - Visitando o Farol Preguiças,WIKIPEDIA,5884243,Praça João Lisboa,0.19830432162416226,57,2,0.05,1
NERDS_VIAJANTES-WIKIPEDIA-57_topics,NERDS_VIAJANTES,3174,Vassouras - Lar dos Macacos-Prego,WIKIPEDIA,1403583,Inés Suárez,0.1405349946739336,57,2,0.05,1
NERDS_VIAJANTES-WIKIPEDIA-57_topics,NERDS_VIAJANTES,3207,Vassouras - Pequenos Lençóis,WIKIPEDIA,1403583,Inés Suárez,0.23342422917444974,57,2,0.05,1
NERDS_VIAJANTES-WIKIPEDIA-57_topics,NERDS_VIAJANTES,3225,Caburé - Almoço na Pousada do Paulo,WIKIPEDIA,5199233,Fazendinha da Penha,0.07823498851321478,57,2,0.05,1
NERDS_VIAJANTES-WIKIPEDIA-57_topics,NERDS_VIAJANTES,3234,Caburé - Passeando entre o Rio e o Mar,WIKIPEDIA,3237051,ISO 3166-2:CL,0.16465417573642765,57,2,0.05,1
NERDS_VIAJANTES-WIKIPEDIA-57_topics,NERDS_VIAJANTES,3244,Revelando a Foto - Capitólio,WIKIPEDIA,3457503,Maunga Terevaka,0.08940168655059948,57,2,0.05,1
NERDS_VIAJANTES-WIKIPEDIA-57_topics,NERDS_VIAJANTES,3252,Barreirinhas - Passeio de Voadeira pelo Rio Preguiças,WIKIPEDIA,5698816,Espigão Costeiro da Ponta d'Areia,0.2565891254841316,57,2,0.05,1
NERDS_VIAJANTES-WIKIPEDIA-57_topics,NERDS_VIAJANTES,4251,Belo Horizonte - Restaurante Maria das Tranças,WIKIPEDIA,41410,Dólar neozelandês,0.3178556939539025,57,2,0.05,1
NERDS_VIAJANTES-WIKIPEDIA-57_topics,NERDS_VIAJANTES,3290,Atins - O Famoso Camarão da Luzia,WIKIPEDIA,64980,Reserva da Biosfera do Cinturão Verde de São Paulo,0.19826607020043507,57,2,0.05,1
NERDS_VIAJANTES-WIKIPEDIA-57_topics,NERDS_VIAJANTES,3326,Revelando a Foto - Romance em NY,WIKIPEDIA,2867978,Álbuns mais vendidos nos Estados Unidos,0.13793313341095528,57,2,0.05,1
NERDS_VIAJANTES-WIKIPEDIA-57_topics,NERDS_VIAJANTES,6959,Jalapão - Canoagem no Rio Novo,WIKIPEDIA,2396720,Área de Proteção Ambiental Ilha do Bananal/Cantão,0.27022515688434684,57,2,0.05,1
NERDS_VIAJANTES-WIKIPEDIA-57_topics,NERDS_VIAJANTES,3448,Revelando a Foto - Dia das Crianças,WIKIPEDIA,3481644,Parlamento da Nova Zelândia,0.12546559882096386,57,2,0.05,1
NERDS_VIAJANTES-WIKIPEDIA-57_topics,NERDS_VIAJANTES,3339,Lençóis Maranhenses - Lagoa Verde,WIKIPEDIA,6415856,Reserva Lagoa São Paulo,0.42649639511709175,57,2,0.05,1
NERDS_VIAJANTES-WIKIPEDIA-57_topics,NERDS_VIAJANTES,3560,Seward Highway - Alaska Wildlife Conservation Center,WIKIPEDIA,1678466,Etimologia dos nomes das unidades federativas dos Estados Unidos,0.16716271332579055,57,2,0.05,1
NERDS_VIAJANTES-WIKIPEDIA-57_topics,NERDS_VIAJANTES,3401,Cardosa - Flutuação no Rio Formiga,WIKIPEDIA,607368,Serviço Nacional de Parques,0.23621857681399275,57,2,0.05,1
NERDS_VIAJANTES-WIKIPEDIA-57_topics,NERDS_VIAJANTES,3428,Lençóis Maranhenses - Post Índice,WIKIPEDIA,3504316,Área de Proteção Ambiental das Reentrâncias Maranhenses,0.3157682344037285,57,2,0.05,1
NERDS_VIAJANTES-WIKIPEDIA-57_topics,NERDS_VIAJANTES,4861,Revelando a Foto - Catedral de Barcelona,WIKIPEDIA,3458521,Geographic Names Information System,0.08222468027420664,57,2,0.05,1
NERDS_VIAJANTES-WIKIPEDIA-57_topics,NERDS_VIAJANTES,3595,Revelando a Foto - Grand Prismatic Spring,WIKIPEDIA,6443766,Grande Primavera Prismática,0.14696955756789462,57,2,0.05,1
NERDS_VIAJANTES-WIKIPEDIA-57_topics,NERDS_VIAJANTES,6217,Revelando a Foto - Urso no Denali National Park,WIKIPEDIA,6321766,Grande Ecossistema de Yellowstone,0.16616627085157765,57,2,0.05,1
NERDS_VIAJANTES-WIKIPEDIA-57_topics,NERDS_VIAJANTES,3703,Revelando a Foto - Vitral,WIKIPEDIA,1488476,Parque Nacional e Reserva de Wrangell-St. Elias,0.09759554883793596,57,2,0.05,1
NERDS_VIAJANTES-WIKIPEDIA-57_topics,NERDS_VIAJANTES,3732,Washington DC - Cemitério de Arlington,WIKIPEDIA,1664923,Furacão John (1994),0.29690564148028187,57,2,0.05,1
NERDS_VIAJANTES-WIKIPEDIA-57_topics,NERDS_VIAJANTES,3856,Belo Horizonte - Espaço TIM UFMG do Conhecimento,WIKIPEDIA,2636499,Urbanização na Argentina,0.3419547669979394,57,2,0.05,1
NERDS_VIAJANTES-WIKIPEDIA-57_topics,NERDS_VIAJANTES,3756,Kenai Fjords National Park - Trilha do Exit Glacier,WIKIPEDIA,445474,Monte Denali,0.3142764145850024,57,2,0.05,1
NERDS_VIAJANTES-WIKIPEDIA-57_topics,NERDS_VIAJANTES,3772,Kenai Fjords National Park - Passeio de Barco no Alasca,WIKIPEDIA,4979303,Áreas protegidas dos Estados Unidos,0.2300846811341662,57,2,0.05,1
NERDS_VIAJANTES-WIKIPEDIA-57_topics,NERDS_VIAJANTES,4152,Kenai Fjords National Park - Trilha para o Harding Icefield,WIKIPEDIA,1166162,Geleira Perito Moreno,0.25917847323330856,57,2,0.05,1
NERDS_VIAJANTES-WIKIPEDIA-57_topics,NERDS_VIAJANTES,4120,Revelando a Foto - Horseshoe Bend,WIKIPEDIA,4053915,Horseshoe Bend (Arizona),0.11026167795717919,57,2,0.05,1
NERDS_VIAJANTES-WIKIPEDIA-57_topics,NERDS_VIAJANTES,7723,El Calafate - Passeio de Barco por Todos Los Glaciares,WIKIPEDIA,2192702,Glaciar Upsala,0.4477288791397069,57,2,0.05,1
NERDS_VIAJANTES-WIKIPEDIA-57_topics,NERDS_VIAJANTES,6312,Revelando a Foto - Yellowstone National Park,WIKIPEDIA,2188775,Bonneville Salt Flats,0.12116354807336742,57,2,0.05,1
NERDS_VIAJANTES-WIKIPEDIA-57_topics,NERDS_VIAJANTES,3993,Dicas - Como se Comportar em Habitats de Ursos,WIKIPEDIA,2945316,Comissão do 11 de Setembro,0.40776251782580714,57,2,0.05,1
NERDS_VIAJANTES-WIKIPEDIA-57_topics,NERDS_VIAJANTES,4014,Verão no Chile - Cuidado com os Tábanos,WIKIPEDIA,1987348,Lista de parques estaduais do Connecticut,0.11007621052108008,57,2,0.05,1
NERDS_VIAJANTES-WIKIPEDIA-57_topics,NERDS_VIAJANTES,4195,Revelando a Foto - Jardim Botânico de Belo Horizonte,WIKIPEDIA,3481644,Parlamento da Nova Zelândia,0.1606977600682026,57,2,0.05,1
NERDS_VIAJANTES-WIKIPEDIA-57_topics,NERDS_VIAJANTES,4458,Belo Horizonte - Mirante do Mangabeiras,WIKIPEDIA,3887831,Monte Burnham,0.1314227375296559,57,2,0.05,1
NERDS_VIAJANTES-WIKIPEDIA-57_topics,NERDS_VIAJANTES,4217,Revelando a Foto - Macrofotografia em Itacaré,WIKIPEDIA,2487695,Parque Nossa Senhora da Piedade,0.1456384968028663,57,2,0.05,1
NERDS_VIAJANTES-WIKIPEDIA-57_topics,NERDS_VIAJANTES,4292,Blogagem Coletiva - 12 Posts Especiais de 2012,WIKIPEDIA,5118545,Bicentenário da Argentina,0.393606461747121,57,2,0.05,1
NERDS_VIAJANTES-WIKIPEDIA-57_topics,NERDS_VIAJANTES,4345,Revelando a Foto - Schwabacher Landing,WIKIPEDIA,2979863,Acidente na mina de Pike River em 2010,0.12324260101007169,57,2,0.05,1
NERDS_VIAJANTES-WIKIPEDIA-57_topics,NERDS_VIAJANTES,4588,Revelando a Foto - Especial de Natal,WIKIPEDIA,3481644,Parlamento da Nova Zelândia,0.10626771968453592,57,2,0.05,1
NERDS_VIAJANTES-WIKIPEDIA-57_topics,NERDS_VIAJANTES,7281,Curitiba - Vem Pro Abraço,WIKIPEDIA,1676985,Caatinga fluminense,0.4573894140646918,57,2,0.05,1
NERDS_VIAJANTES-WIKIPEDIA-57_topics,NERDS_VIAJANTES,4492,Revelando a Foto - Pão de Açúcar,WIKIPEDIA,630895,Planalto Paulista,0.1177302863493856,57,2,0.05,1
NERDS_VIAJANTES-WIKIPEDIA-57_topics,NERDS_VIAJANTES,4546,Belo Horizonte - Decoração de Natal da Praça da Liberdade,WIKIPEDIA,2960687,Lista de premiações especiais do Miss USA,0.2415820830131757,57,2,0.05,1
NERDS_VIAJANTES-WIKIPEDIA-57_topics,NERDS_VIAJANTES,4984,Revelando a Foto - Galeria Adriana Varejão,WIKIPEDIA,1422272,Castelo da Cinderela,0.1495091129726221,57,2,0.05,1
NERDS_VIAJANTES-WIKIPEDIA-57_topics,NERDS_VIAJANTES,4785,Seward - Alaska SeaLife Center,WIKIPEDIA,1152952,American Academy of Arts and Letters,0.32972395817361183,57,2,0.05,1
NERDS_VIAJANTES-WIKIPEDIA-57_topics,NERDS_VIAJANTES,4759,Inhotim - Em Busca da Flor Cadáver,WIKIPEDIA,1422272,Castelo da Cinderela,0.2871077141746181,57,2,0.05,1
NERDS_VIAJANTES-WIKIPEDIA-57_topics,NERDS_VIAJANTES,4864,Revelando a Foto - Bear Lake State Tabernacle,WIKIPEDIA,2274600,Títulos e estatísticas da MLS,0.08307841047618549,57,2,0.05,1
NERDS_VIAJANTES-WIKIPEDIA-57_topics,NERDS_VIAJANTES,4885,Seward a Anchorage - Viajando de Trem pela Alaska Railroad,WIKIPEDIA,148841,Aleutians East (distrito),0.484520813313813,57,2,0.05,1
NERDS_VIAJANTES-WIKIPEDIA-57_topics,NERDS_VIAJANTES,5158,Revelando a Foto - Old Faithful Geyser,WIKIPEDIA,67153,Mulher de Pedra,0.1531907281134712,57,2,0.05,1
NERDS_VIAJANTES-WIKIPEDIA-57_topics,NERDS_VIAJANTES,6808,Revelando a Foto - Praia da Cacimba do Padre,WIKIPEDIA,1613699,Ilha Chatham,0.1506659353395488,57,2,0.05,1
NERDS_VIAJANTES-WIKIPEDIA-57_topics,NERDS_VIAJANTES,6637,Revelando a Foto - Moldura da Praia do Sancho,WIKIPEDIA,20267,ISO 3166-2:BR,0.13603842951115197,57,2,0.05,1
NERDS_VIAJANTES-WIKIPEDIA-57_topics,NERDS_VIAJANTES,5260,Revelando a Foto - Snake River Overlook,WIKIPEDIA,2601488,Prudhoe Bay,0.17203653937236985,57,2,0.05,1
NERDS_VIAJANTES-WIKIPEDIA-57_topics,NERDS_VIAJANTES,5093,Revelando a Foto - Seward Highway,WIKIPEDIA,6050480,Rio Beaver (Rhode Island),0.09606352889118658,57,2,0.05,1
NERDS_VIAJANTES-WIKIPEDIA-57_topics,NERDS_VIAJANTES,5232,Revelando a Foto - Moldura de Paisagem,WIKIPEDIA,3225924,Ilha Revillagigedo,0.06818501169680295,57,2,0.05,1
NERDS_VIAJANTES-WIKIPEDIA-57_topics,NERDS_VIAJANTES,5353,Blogagem Coletiva - Foto Jacu: Você ainda vai ter uma!,WIKIPEDIA,3495353,Guerras da Água na Califórnia,0.4804358742484074,57,2,0.05,1
NERDS_VIAJANTES-WIKIPEDIA-57_topics,NERDS_VIAJANTES,12745,Amanhecer em El Chaltén - Mirador de Los Condores,WIKIPEDIA,4847288,Prêmio Indianápolis,0.2149704472890295,57,2,0.05,1
NERDS_VIAJANTES-WIKIPEDIA-57_topics,NERDS_VIAJANTES,5340,Revelando a Foto - Matriz de Santo Antônio,WIKIPEDIA,538080,Aldao (San Lorenzo),0.19972917205520335,57,2,0.05,1
NERDS_VIAJANTES-WIKIPEDIA-57_topics,NERDS_VIAJANTES,5408,Revelando a Foto - Cemitério da Igreja de São Francisco de Assis,WIKIPEDIA,588018,Monte Fitz Roy,0.14151024340227134,57,2,0.05,1
NERDS_VIAJANTES-WIKIPEDIA-57_topics,NERDS_VIAJANTES,12070,El Chaltén - Trekking no Glaciar Viedma,WIKIPEDIA,2192999,Perito Moreno (Santa Cruz),0.4643431460312894,57,2,0.05,1
NERDS_VIAJANTES-WIKIPEDIA-57_topics,NERDS_VIAJANTES,5463,Revelando a Foto - Textura no Yellowstone,WIKIPEDIA,3481644,Parlamento da Nova Zelândia,0.16009031659863385,57,2,0.05,1
NERDS_VIAJANTES-WIKIPEDIA-57_topics,NERDS_VIAJANTES,5599,Alasca - Visitando o Denali National Park and Preserve,WIKIPEDIA,60879,Parque Nacional de Yosemite,0.4330474573826887,57,2,0.05,1
NERDS_VIAJANTES-WIKIPEDIA-57_topics,NERDS_VIAJANTES,5558,Tiradentes - Festival de Fotografia 2013,WIKIPEDIA,109063,Grand Canyon,0.30223919147258105,57,2,0.05,1
NERDS_VIAJANTES-WIKIPEDIA-57_topics,NERDS_VIAJANTES,5641,Revelando a Foto - Paisagem da Alaska Railroad,WIKIPEDIA,3476774,6º Distrito Congressional da Geórgia,0.10470925717086053,57,2,0.05,1
NERDS_VIAJANTES-WIKIPEDIA-57_topics,NERDS_VIAJANTES,6195,Revelando a Foto - Preto e branco em San Francisco,WIKIPEDIA,2979863,Acidente na mina de Pike River em 2010,0.12271706719503889,57,2,0.05,1
NERDS_VIAJANTES-WIKIPEDIA-57_topics,NERDS_VIAJANTES,6132,Tiradentes - Restaurante Archote Clube,WIKIPEDIA,248737,Monte Caburaí,0.06401415009250862,57,2,0.05,1
NERDS_VIAJANTES-WIKIPEDIA-57_topics,NERDS_VIAJANTES,5637,Revelando a Foto - Igreja Nossa Senhora do Carmo,WIKIPEDIA,538080,Aldao (San Lorenzo),0.12752656539514473,57,2,0.05,1
NERDS_VIAJANTES-WIKIPEDIA-57_topics,NERDS_VIAJANTES,6798,Revelando a Foto - Detalhes em Caeté,WIKIPEDIA,5882895,Praça Nauro Machado,0.12525463989747243,57,2,0.05,1
NERDS_VIAJANTES-WIKIPEDIA-57_topics,NERDS_VIAJANTES,5727,Tiradentes - Loja Imperial Pewter,WIKIPEDIA,100626,Subdivisões da Argentina,0.27035607719868265,57,2,0.05,1
NERDS_VIAJANTES-WIKIPEDIA-57_topics,NERDS_VIAJANTES,5776,Revelando a Foto - Amanhecer em Morada Nova de Minas,WIKIPEDIA,1353220,Alum Rock,0.13389067028399693,57,2,0.05,1
NERDS_VIAJANTES-WIKIPEDIA-57_topics,NERDS_VIAJANTES,6119,Revelando a Foto - Visão de Formiga em Tiradentes,WIKIPEDIA,1912823,Swing poi,0.1283948319047536,57,2,0.05,1
NERDS_VIAJANTES-WIKIPEDIA-57_topics,NERDS_VIAJANTES,6439,Revelando a Foto - Praia do Aventureiro,WIKIPEDIA,835628,American Beach,0.09999111367021679,57,2,0.05,1
NERDS_VIAJANTES-WIKIPEDIA-57_topics,NERDS_VIAJANTES,5945,De Anchorage ao Denali - Dirigindo pela Alaska Highway 3,WIKIPEDIA,4641984,Emigração Argentina,0.22547998458513993,57,2,0.05,1
NERDS_VIAJANTES-WIKIPEDIA-57_topics,NERDS_VIAJANTES,6823,Jalapão - O que vem por aí,WIKIPEDIA,2396720,Área de Proteção Ambiental Ilha do Bananal/Cantão,0.2773829419020649,57,2,0.05,1
NERDS_VIAJANTES-WIKIPEDIA-57_topics,NERDS_VIAJANTES,6036,Revelando a Foto - Amanhecer no John Moulton Barn,WIKIPEDIA,3476774,6º Distrito Congressional da Geórgia,0.18960956131808476,57,2,0.05,1
NERDS_VIAJANTES-WIKIPEDIA-57_topics,NERDS_VIAJANTES,6212,Alasca - Vida Selvagem no Denali National Park and Preserve,WIKIPEDIA,5499842,Lista de comandantes do Corpo de Fuzileiros dos Estados Unidos,0.4390485808857516,57,2,0.05,1
NERDS_VIAJANTES-WIKIPEDIA-57_topics,NERDS_VIAJANTES,6280,Revelando a Foto - Animal Dentro de Jaula,WIKIPEDIA,492703,Câmara de Deputados da Nação Argentina,0.13307703544329225,57,2,0.05,1
NERDS_VIAJANTES-WIKIPEDIA-57_topics,NERDS_VIAJANTES,6412,Revelando a Foto - Orca no Sea World,WIKIPEDIA,1431383,Parque dos Buritis,0.18422648784897522,57,2,0.05,1
NERDS_VIAJANTES-WIKIPEDIA-57_topics,NERDS_VIAJANTES,8377,Revelando a Foto - Niagara Falls,WIKIPEDIA,3255366,Toqui,0.13164537574051446,57,2,0.05,1
NERDS_VIAJANTES-WIKIPEDIA-57_topics,NERDS_VIAJANTES,8018,Revelando a Foto - Central Park em NY,WIKIPEDIA,2507332,Rosariazo,0.08901221629347854,57,2,0.05,1
NERDS_VIAJANTES-WIKIPEDIA-57_topics,NERDS_VIAJANTES,6579,Revelando a Foto - Pássaro em San Francisco,WIKIPEDIA,2307836,Baía de Hawke,0.1090853892930491,57,2,0.05,1
NERDS_VIAJANTES-WIKIPEDIA-57_topics,NERDS_VIAJANTES,6543,Revele sua Foto - O Dragão e a Montanha,WIKIPEDIA,2178063,Vale de Yosemite,0.1576625512889336,57,2,0.05,1
NERDS_VIAJANTES-WIKIPEDIA-57_topics,NERDS_VIAJANTES,6568,Tiradentes e São João Del Rei em 50mm,WIKIPEDIA,2636499,Urbanização na Argentina,0.24943720531709068,57,2,0.05,1
NERDS_VIAJANTES-WIKIPEDIA-57_topics,NERDS_VIAJANTES,6642,Fernando de Noronha - Parque Nacional Marinho,WIKIPEDIA,1953845,Território organizado dos Estados Unidos,0.16883017083746232,57,2,0.05,1
NERDS_VIAJANTES-WIKIPEDIA-57_topics,NERDS_VIAJANTES,6630,Fernando de Noronha - Ilha Tour,WIKIPEDIA,1953845,Território organizado dos Estados Unidos,0.31285951914572263,57,2,0.05,1
NERDS_VIAJANTES-WIKIPEDIA-57_topics,NERDS_VIAJANTES,6805,Curitiba - Cupcake Company,WIKIPEDIA,1676985,Caatinga fluminense,0.4864649292977222,57,2,0.05,1
NERDS_VIAJANTES-WIKIPEDIA-57_topics,NERDS_VIAJANTES,6741,Revelando a Foto - Pôr do sol na Praia da Conceição,WIKIPEDIA,2601488,Prudhoe Bay,0.14587948202350765,57,2,0.05,1
NERDS_VIAJANTES-WIKIPEDIA-57_topics,NERDS_VIAJANTES,6766,Livro - Papo de Viagem & Outras Histórias de Bar,WIKIPEDIA,2185205,Monte Conness,0.15399093718459267,57,2,0.05,1
NERDS_VIAJANTES-WIKIPEDIA-57_topics,NERDS_VIAJANTES,6851,Revelando a Foto - Pôr do Sol na Ilha da Canela,WIKIPEDIA,3826613,Tauranga,0.1134111752782093,57,2,0.05,1
NERDS_VIAJANTES-WIKIPEDIA-57_topics,NERDS_VIAJANTES,6863,Jalapão - Cânion Sussuapara,WIKIPEDIA,2396720,Área de Proteção Ambiental Ilha do Bananal/Cantão,0.29502202537717287,57,2,0.05,1
NERDS_VIAJANTES-WIKIPEDIA-57_topics,NERDS_VIAJANTES,6886,Palmas - Pôr do Sol na Ilha da Canela,WIKIPEDIA,515635,Região integrada de desenvolvimento,0.08524244631270943,57,2,0.05,1
NERDS_VIAJANTES-WIKIPEDIA-57_topics,NERDS_VIAJANTES,6898,Revelando a Foto - Galpão Thá Cultural em Curitiba,WIKIPEDIA,1676985,Caatinga fluminense,0.4678239416839545,57,2,0.05,1
NERDS_VIAJANTES-WIKIPEDIA-57_topics,NERDS_VIAJANTES,6983,Curitiba - Hotel CWB Express,WIKIPEDIA,1676985,Caatinga fluminense,0.4560202804100366,57,2,0.05,1
NERDS_VIAJANTES-WIKIPEDIA-57_topics,NERDS_VIAJANTES,7032,Fernando de Noronha - Pousada del Mares,WIKIPEDIA,3608702,Parque Itaimbé,0.13596341746549323,57,2,0.05,1
NERDS_VIAJANTES-WIKIPEDIA-57_topics,NERDS_VIAJANTES,7052,Revelando a Foto - Pôr do Sol no Jalapão,WIKIPEDIA,2396720,Área de Proteção Ambiental Ilha do Bananal/Cantão,0.33635191528678915,57,2,0.05,1
NERDS_VIAJANTES-WIKIPEDIA-57_topics,NERDS_VIAJANTES,7068,Jalapão - Passeio pelas Dunas,WIKIPEDIA,2396720,Área de Proteção Ambiental Ilha do Bananal/Cantão,0.36459937968591055,57,2,0.05,1
NERDS_VIAJANTES-WIKIPEDIA-57_topics,NERDS_VIAJANTES,7108,Jalapão - Fervedouro da Glorinha,WIKIPEDIA,2396720,Área de Proteção Ambiental Ilha do Bananal/Cantão,0.30232118280846754,57,2,0.05,1
NERDS_VIAJANTES-WIKIPEDIA-57_topics,NERDS_VIAJANTES,7131,Jalapão - Fervedouro do Soninho,WIKIPEDIA,2396720,Área de Proteção Ambiental Ilha do Bananal/Cantão,0.31488170205722477,57,2,0.05,1
NERDS_VIAJANTES-WIKIPEDIA-57_topics,NERDS_VIAJANTES,7153,Curitiba - Mercearia Bresser,WIKIPEDIA,1676985,Caatinga fluminense,0.48270807772769453,57,2,0.05,1
NERDS_VIAJANTES-WIKIPEDIA-57_topics,NERDS_VIAJANTES,7165,Revelando a Foto - Passeio no deserto de Dubai,WIKIPEDIA,2185205,Monte Conness,0.0729998298095571,57,2,0.05,1
NERDS_VIAJANTES-WIKIPEDIA-57_topics,NERDS_VIAJANTES,7185,Jalapão - Cachoeira da Formiga,WIKIPEDIA,2396720,Área de Proteção Ambiental Ilha do Bananal/Cantão,0.27115124908931926,57,2,0.05,1
NERDS_VIAJANTES-WIKIPEDIA-57_topics,NERDS_VIAJANTES,7210,Jalapão - Trilha na Serra do Espírito Santo,WIKIPEDIA,2311224,Laguna Blanca (comuna),0.3658975302794022,57,2,0.05,1
NERDS_VIAJANTES-WIKIPEDIA-57_topics,NERDS_VIAJANTES,7241,Revelando a Foto - Namoradeira em Tiradentes,WIKIPEDIA,5099492,Parque Histórico Nacional dos Guararapes,0.09792109339511527,57,2,0.05,1
NERDS_VIAJANTES-WIKIPEDIA-57_topics,NERDS_VIAJANTES,8459,Revelando a Foto - Rio de Las Vueltas,WIKIPEDIA,1749927,Montanhas Costeiras,0.22938596823971183,57,2,0.05,1
NERDS_VIAJANTES-WIKIPEDIA-57_topics,NERDS_VIAJANTES,7295,Curitiba - Passeio pelo Centro Histórico,WIKIPEDIA,1676985,Caatinga fluminense,0.4710778608536817,57,2,0.05,1
NERDS_VIAJANTES-WIKIPEDIA-57_topics,NERDS_VIAJANTES,7300,Revelando a Foto - Igreja São Francisco de Assis em Diamantina,WIKIPEDIA,3826613,Tauranga,0.11878967187155036,57,2,0.05,1
NERDS_VIAJANTES-WIKIPEDIA-57_topics,NERDS_VIAJANTES,7331,Revelando a Foto - Luz em Movimento em Diamantina,WIKIPEDIA,3481644,Parlamento da Nova Zelândia,0.155471100142462,57,2,0.05,1
NERDS_VIAJANTES-WIKIPEDIA-57_topics,NERDS_VIAJANTES,7344,Jalapão - Cachoeira da Velha,WIKIPEDIA,2396720,Área de Proteção Ambiental Ilha do Bananal/Cantão,0.31314742257398887,57,2,0.05,1
NERDS_VIAJANTES-WIKIPEDIA-57_topics,NERDS_VIAJANTES,7409,Revelando a Foto - Vista Aérea do Grand Canyon,WIKIPEDIA,109063,Grand Canyon,0.267602696647977,57,2,0.05,1
NERDS_VIAJANTES-WIKIPEDIA-57_topics,NERDS_VIAJANTES,7412,Revelando a Foto - Lake Powell,WIKIPEDIA,1987348,Lista de parques estaduais do Connecticut,0.13077720510501134,57,2,0.05,1
NERDS_VIAJANTES-WIKIPEDIA-57_topics,NERDS_VIAJANTES,7462,Patagônia - Roteiro,WIKIPEDIA,588018,Monte Fitz Roy,0.333963426970349,57,2,0.05,1
NERDS_VIAJANTES-WIKIPEDIA-57_topics,NERDS_VIAJANTES,7436,Revelando a Foto - Glacier Point no Yosemite,WIKIPEDIA,1488477,Parque Nacional de Zion,0.15153548206312709,57,2,0.05,1
NERDS_VIAJANTES-WIKIPEDIA-57_topics,NERDS_VIAJANTES,7453,Revelando a Foto - Jokhang Temple em Lhasa,WIKIPEDIA,4348514,Lautaro (toqui),0.1530165366012513,57,2,0.05,1
NERDS_VIAJANTES-WIKIPEDIA-57_topics,NERDS_VIAJANTES,9566,I Encontro de Inverno de Blogueiros de Viagem,WIKIPEDIA,41410,Dólar neozelandês,0.32102556641689645,57,2,0.05,1
NERDS_VIAJANTES-WIKIPEDIA-57_topics,NERDS_VIAJANTES,7911,Jalapão - Transporte,WIKIPEDIA,2805125,Serra das Traíras,0.3106920394857435,57,2,0.05,1
NERDS_VIAJANTES-WIKIPEDIA-57_topics,NERDS_VIAJANTES,10323,Revelando a Foto - Igrejas em Mariana,WIKIPEDIA,5309364,Allamoore,0.20358413377888931,57,2,0.05,1
NERDS_VIAJANTES-WIKIPEDIA-57_topics,NERDS_VIAJANTES,7544,Revelando a Foto - Patagônia sem Filtro,WIKIPEDIA,588018,Monte Fitz Roy,0.10807008241667419,57,2,0.05,1
NERDS_VIAJANTES-WIKIPEDIA-57_topics,NERDS_VIAJANTES,7550,Jalapão - Prainha,WIKIPEDIA,2805125,Serra das Traíras,0.10339891404062639,57,2,0.05,1
NERDS_VIAJANTES-WIKIPEDIA-57_topics,NERDS_VIAJANTES,7560,El Calafate - Tour ao Glaciar Perito Moreno,WIKIPEDIA,1290804,Península de Otago,0.39986191243597147,57,2,0.05,1
NERDS_VIAJANTES-WIKIPEDIA-57_topics,NERDS_VIAJANTES,7564,Revelando a Foto - Riacho do Glaciar Huemul,WIKIPEDIA,3481644,Parlamento da Nova Zelândia,0.15149128656619607,57,2,0.05,1
NERDS_VIAJANTES-WIKIPEDIA-57_topics,NERDS_VIAJANTES,7701,Curitiba - Artesanilo Café Bistrô,WIKIPEDIA,2698784,Bosque do Capão da Imbuia,0.4837260975711252,57,2,0.05,1
NERDS_VIAJANTES-WIKIPEDIA-57_topics,NERDS_VIAJANTES,7690,Revelando a Foto - Pôr do Sol no Porto em Fernando de Noronha,WIKIPEDIA,2466486,Baía de Bristol,0.14157364668760944,57,2,0.05,1
NERDS_VIAJANTES-WIKIPEDIA-57_topics,NERDS_VIAJANTES,7648,Revelando a Foto - Flores na Cachoeira da Velha,WIKIPEDIA,2805125,Serra das Traíras,0.27903698119973264,57,2,0.05,1
NERDS_VIAJANTES-WIKIPEDIA-57_topics,NERDS_VIAJANTES,7803,Revele Sua Foto - Pôr do Sol em Jericoacoara,WIKIPEDIA,1388569,Diretor Supremo,0.1838225906712741,57,2,0.05,1
NERDS_VIAJANTES-WIKIPEDIA-57_topics,NERDS_VIAJANTES,12451,Aparecida - Passeando de Bondinho,WIKIPEDIA,2879425,Diocese Episcopal de Washington,0.14929665833461975,57,2,0.05,1
NERDS_VIAJANTES-WIKIPEDIA-57_topics,NERDS_VIAJANTES,7876,Revelando a Foto - Exposição Albinos,WIKIPEDIA,2891722,Associação Gaúcha de Proteção ao Ambiente Natural,0.1089534939661621,57,2,0.05,1
NERDS_VIAJANTES-WIKIPEDIA-57_topics,NERDS_VIAJANTES,7906,Revelando a Foto - Jardim Botânico de Curitiba,WIKIPEDIA,1676985,Caatinga fluminense,0.437769125859913,57,2,0.05,1
NERDS_VIAJANTES-WIKIPEDIA-57_topics,NERDS_VIAJANTES,7923,Jalapão - Alimentação,WIKIPEDIA,5264442,Monumento Natural das Árvores Fossilizadas do Tocantins,0.2837154095946037,57,2,0.05,1
NERDS_VIAJANTES-WIKIPEDIA-57_topics,NERDS_VIAJANTES,7940,Jalapão - Trilha para Prainha da Korubo,WIKIPEDIA,2805125,Serra das Traíras,0.26893308856917825,57,2,0.05,1
NERDS_VIAJANTES-WIKIPEDIA-57_topics,NERDS_VIAJANTES,7966,Puerto Natales - Um descanso antes do Circuito W,WIKIPEDIA,257456,Hualpén,0.2842499426553982,57,2,0.05,1
NERDS_VIAJANTES-WIKIPEDIA-57_topics,NERDS_VIAJANTES,8061,Jalapão - Um Refresco para o Calor,WIKIPEDIA,5534886,Departamento de Trabalho dos Estados Unidos,0.31137088400632973,57,2,0.05,1
NERDS_VIAJANTES-WIKIPEDIA-57_topics,NERDS_VIAJANTES,8116,Jalapão - O que Levar?,WIKIPEDIA,5264442,Monumento Natural das Árvores Fossilizadas do Tocantins,0.324655388188648,57,2,0.05,1
NERDS_VIAJANTES-WIKIPEDIA-57_topics,NERDS_VIAJANTES,8092,Circuito W - A Chegada ao Parque Torres del Paine,WIKIPEDIA,41410,Dólar neozelandês,0.2854826378745727,57,2,0.05,1
NERDS_VIAJANTES-WIKIPEDIA-57_topics,NERDS_VIAJANTES,8146,Jalapão - Acampamento Korubo,WIKIPEDIA,2396720,Área de Proteção Ambiental Ilha do Bananal/Cantão,0.31603633779728413,57,2,0.05,1
NERDS_VIAJANTES-WIKIPEDIA-57_topics,NERDS_VIAJANTES,15063,"Vídeo Morro dos Ventos, Passeio na Chapada dos Guimarães",WIKIPEDIA,1689530,Rio Gila,0.30111702841392857,57,2,0.05,1
NERDS_VIAJANTES-WIKIPEDIA-57_topics,NERDS_VIAJANTES,10340,El Chalten - Trilha para a Loma del Pliegue Tumbado,WIKIPEDIA,3334201,Ilha da Califórnia,0.32252826969679527,57,2,0.05,1
NERDS_VIAJANTES-WIKIPEDIA-57_topics,NERDS_VIAJANTES,8204,Revelando a Foto - Chuveirinho no Jalapão,WIKIPEDIA,2396720,Área de Proteção Ambiental Ilha do Bananal/Cantão,0.2821379921870531,57,2,0.05,1
NERDS_VIAJANTES-WIKIPEDIA-57_topics,NERDS_VIAJANTES,8218,Circuito W - Las Torres del Paine,WIKIPEDIA,6277511,Nevoeiro de São Francisco,0.33713686666300097,57,2,0.05,1
NERDS_VIAJANTES-WIKIPEDIA-57_topics,NERDS_VIAJANTES,8301,Puerto Natales - Pizzaria Mesita Grande,WIKIPEDIA,5837469,Memorial Maria Aragão,0.11390630743629672,57,2,0.05,1
NERDS_VIAJANTES-WIKIPEDIA-57_topics,NERDS_VIAJANTES,8302,Puerto Natales - Restaurante La Picada de Carlitos,WIKIPEDIA,588018,Monte Fitz Roy,0.13886909161642458,57,2,0.05,1
NERDS_VIAJANTES-WIKIPEDIA-57_topics,NERDS_VIAJANTES,9252,Revelando a Foto - Romance em Fernando de Noronha,WIKIPEDIA,5968266,Região Geográfica Intermediária de Corrente-Bom Jesus,0.11019746604527048,57,2,0.05,1
NERDS_VIAJANTES-WIKIPEDIA-57_topics,NERDS_VIAJANTES,8499,Circuito W - Pelo Lago Nordenskjold até Los Cuernos,WIKIPEDIA,3203165,Alphabet City (Manhattan),0.3436973704883721,57,2,0.05,1
NERDS_VIAJANTES-WIKIPEDIA-57_topics,NERDS_VIAJANTES,8541,Curitiba - Mercado Municipal,WIKIPEDIA,1676985,Caatinga fluminense,0.4721219850099994,57,2,0.05,1
NERDS_VIAJANTES-WIKIPEDIA-57_topics,NERDS_VIAJANTES,8557,Revelando a Foto - Opal Pool no Yellowstone,WIKIPEDIA,1267178,Parque Nacional de Grand Teton,0.10963083897213419,57,2,0.05,1
NERDS_VIAJANTES-WIKIPEDIA-57_topics,NERDS_VIAJANTES,8655,Revelando a Foto - Basílica de Nossa Senhora Aparecida,WIKIPEDIA,835628,American Beach,0.082833114680801,57,2,0.05,1
NERDS_VIAJANTES-WIKIPEDIA-57_topics,NERDS_VIAJANTES,8673,Circuito W - Vale Francês,WIKIPEDIA,6277511,Nevoeiro de São Francisco,0.4157537253815626,57,2,0.05,1
NERDS_VIAJANTES-WIKIPEDIA-57_topics,NERDS_VIAJANTES,8611,Revelando a Foto - Estrada em Morada Nova de Minas,WIKIPEDIA,2172303,Serra da Boa Esperança,0.2155428176945998,57,2,0.05,1
NERDS_VIAJANTES-WIKIPEDIA-57_topics,NERDS_VIAJANTES,8633,Revelando a Foto - Tucano em Abaeté,WIKIPEDIA,4142510,"Cactus Springs (Condado de Clark, Nevada)",0.11768069197669152,57,2,0.05,1
NERDS_VIAJANTES-WIKIPEDIA-57_topics,NERDS_VIAJANTES,9059,Revelando a Foto - Inspiration Point no Bryce Canyon,WIKIPEDIA,5798789,Comissão de Negociação de Futuros de Commodities,0.08444294930838593,57,2,0.05,1
NERDS_VIAJANTES-WIKIPEDIA-57_topics,NERDS_VIAJANTES,8982,Revelando a Foto - Capela das Velas em Aparecida,WIKIPEDIA,3481644,Parlamento da Nova Zelândia,0.16857459347475207,57,2,0.05,1
NERDS_VIAJANTES-WIKIPEDIA-57_topics,NERDS_VIAJANTES,8896,,WIKIPEDIA,1988681,Lista de parques estaduais de Nevada,0.05382841873504044,57,2,0.05,1
NERDS_VIAJANTES-WIKIPEDIA-57_topics,NERDS_VIAJANTES,8921,Aparecida - Sala das Promessas,WIKIPEDIA,3956422,Reino Māori,0.1376920388556304,57,2,0.05,1
NERDS_VIAJANTES-WIKIPEDIA-57_topics,NERDS_VIAJANTES,8944,Jalapão - Capim Dourado,WIKIPEDIA,845543,Reserva Particular do Patrimônio Natural Santuário Caraça,0.3106365913976179,57,2,0.05,1
NERDS_VIAJANTES-WIKIPEDIA-57_topics,NERDS_VIAJANTES,9007,Revelando a Foto - Lago do Tauá Grande Hotel de Araxá,WIKIPEDIA,3527593,Montes Sangre de Cristo,0.1377874701772867,57,2,0.05,1
NERDS_VIAJANTES-WIKIPEDIA-57_topics,NERDS_VIAJANTES,9349,Revelando a Foto - Brasil x Chile na Copa,WIKIPEDIA,36251,Demografia da Argentina,0.35784345268068596,57,2,0.05,1
NERDS_VIAJANTES-WIKIPEDIA-57_topics,NERDS_VIAJANTES,9079,Circuito W - Lago e Glaciar Grey,WIKIPEDIA,3435149,Região Metropolitana de Rancagua,0.40174139171937173,57,2,0.05,1
NERDS_VIAJANTES-WIKIPEDIA-57_topics,NERDS_VIAJANTES,9164,Tauá Grande Hotel e Termas de Araxá,WIKIPEDIA,151069,Daytona International Speedway,0.3534428221203213,57,2,0.05,1
NERDS_VIAJANTES-WIKIPEDIA-57_topics,NERDS_VIAJANTES,9174,Santa Catarina na Bagagem e a Praia do Rosa,WIKIPEDIA,5964481,Institutos históricos e geográficos do Brasil,0.3715943623926636,57,2,0.05,1
NERDS_VIAJANTES-WIKIPEDIA-57_topics,NERDS_VIAJANTES,9425,Tauá Grande Hotel e Termas de Araxá - Lazer,WIKIPEDIA,1664923,Furacão John (1994),0.2148951035593659,57,2,0.05,1
NERDS_VIAJANTES-WIKIPEDIA-57_topics,NERDS_VIAJANTES,9483,Praia do Rosa - Trilha para a Praia Vermelha,WIKIPEDIA,1953845,Território organizado dos Estados Unidos,0.3165157976185351,57,2,0.05,1
NERDS_VIAJANTES-WIKIPEDIA-57_topics,NERDS_VIAJANTES,9595,Revelando a Foto - Maria Fumaça,WIKIPEDIA,5837469,Memorial Maria Aragão,0.2758458075459064,57,2,0.05,1
NERDS_VIAJANTES-WIKIPEDIA-57_topics,NERDS_VIAJANTES,9652,Praia do Rosa - Trilha para o Mirante do Canto Sul,WIKIPEDIA,1953845,Território organizado dos Estados Unidos,0.2742331780879237,57,2,0.05,1
NERDS_VIAJANTES-WIKIPEDIA-57_topics,NERDS_VIAJANTES,9657,Vídeo - Episódio Maria Fumaça,WIKIPEDIA,248737,Monte Caburaí,0.23334924027740414,57,2,0.05,1
NERDS_VIAJANTES-WIKIPEDIA-57_topics,NERDS_VIAJANTES,9671,Praia do Rosa - Pousada Vida Sol e Mar,WIKIPEDIA,5964481,Institutos históricos e geográficos do Brasil,0.3487103052861066,57,2,0.05,1
NERDS_VIAJANTES-WIKIPEDIA-57_topics,NERDS_VIAJANTES,10004,Revelando a Foto - Metropolitan,WIKIPEDIA,1082218,Expedição Sullivan,0.10443966427865642,57,2,0.05,1
NERDS_VIAJANTES-WIKIPEDIA-57_topics,NERDS_VIAJANTES,9728,São João del Rei - Garden Hill Small Resort,WIKIPEDIA,4780740,Área de Proteção Ambiental do Planalto Central,0.18492093162150944,57,2,0.05,1
NERDS_VIAJANTES-WIKIPEDIA-57_topics,NERDS_VIAJANTES,10009,El Chaltén - Trilha para o Chorrillo del Salto,WIKIPEDIA,3307425,51.º Distrito Congressional da Califórnia,0.26005982109694126,57,2,0.05,1
NERDS_VIAJANTES-WIKIPEDIA-57_topics,NERDS_VIAJANTES,12362,El Chalten - Trilha para a Laguna del Diablo,WIKIPEDIA,4847288,Prêmio Indianápolis,0.3208529054051248,57,2,0.05,1
NERDS_VIAJANTES-WIKIPEDIA-57_topics,NERDS_VIAJANTES,12364,Islândia - Roteiro,WIKIPEDIA,4641984,Emigração Argentina,0.2172630555989616,57,2,0.05,1
NERDS_VIAJANTES-WIKIPEDIA-57_topics,NERDS_VIAJANTES,9804,Revelando a Foto - Roda Gigante em BH,WIKIPEDIA,2636499,Urbanização na Argentina,0.16673008387758723,57,2,0.05,1
NERDS_VIAJANTES-WIKIPEDIA-57_topics,NERDS_VIAJANTES,9809,Revelando a Foto - Moldura no Central Park,WIKIPEDIA,2979863,Acidente na mina de Pike River em 2010,0.09160674981271548,57,2,0.05,1
NERDS_VIAJANTES-WIKIPEDIA-57_topics,NERDS_VIAJANTES,9829,El Chaltén - Trilha para Laguna Torre,WIKIPEDIA,3334201,Ilha da Califórnia,0.40825041355572306,57,2,0.05,1
NERDS_VIAJANTES-WIKIPEDIA-57_topics,NERDS_VIAJANTES,10054,Revelando a Foto - Alamo Square em San Francisco,WIKIPEDIA,1291909,Kaikoura,0.08813814700923452,57,2,0.05,1
NERDS_VIAJANTES-WIKIPEDIA-57_topics,NERDS_VIAJANTES,10056,Revelando a Foto - Futebol Americano em BH,WIKIPEDIA,3457503,Maunga Terevaka,0.11012625268928382,57,2,0.05,1
NERDS_VIAJANTES-WIKIPEDIA-57_topics,NERDS_VIAJANTES,10141,El Chaltén - Trilha para Laguna de los Tres,WIKIPEDIA,6277511,Nevoeiro de São Francisco,0.421273579885534,57,2,0.05,1
NERDS_VIAJANTES-WIKIPEDIA-57_topics,NERDS_VIAJANTES,10270,Revele sua Foto - Abismo Anhumas,WIKIPEDIA,3697489,Reserva Legal,0.12576528323460381,57,2,0.05,1
NERDS_VIAJANTES-WIKIPEDIA-57_topics,NERDS_VIAJANTES,10254,Revelando a Foto - Prédios em NY,WIKIPEDIA,1988644,Lista de parques estaduais de Michigan,0.11272902554663165,57,2,0.05,1
NERDS_VIAJANTES-WIKIPEDIA-57_topics,NERDS_VIAJANTES,10214,Revelando a Foto - Praça Minas Gerais em Mariana,WIKIPEDIA,2636499,Urbanização na Argentina,0.18701614095773023,57,2,0.05,1
NERDS_VIAJANTES-WIKIPEDIA-57_topics,NERDS_VIAJANTES,10283,Vídeo - Episódio Chapada dos Guimarães,WIKIPEDIA,1689530,Rio Gila,0.17178675163318102,57,2,0.05,1
NERDS_VIAJANTES-WIKIPEDIA-57_topics,NERDS_VIAJANTES,10399,Revelando a Foto - Outubro Rosa,WIKIPEDIA,79565,Lista de abreviações postais dos Estados Unidos,0.10394765559511969,57,2,0.05,1
NERDS_VIAJANTES-WIKIPEDIA-57_topics,NERDS_VIAJANTES,10412,Chapada dos Guimarães - Pousada Casa da Quineira,WIKIPEDIA,248737,Monte Caburaí,0.22964532490914838,57,2,0.05,1
NERDS_VIAJANTES-WIKIPEDIA-57_topics,NERDS_VIAJANTES,10453,Chapada dos Guimarães - Mirante do Centro Geodésico,WIKIPEDIA,2203643,Deserto de Chihuahua,0.22384764002064433,57,2,0.05,1
NERDS_VIAJANTES-WIKIPEDIA-57_topics,NERDS_VIAJANTES,10475,Vídeo - Episódio Mirante do Centro Geodésico,WIKIPEDIA,2736293,Norte Grande do Chile,0.2021660912218052,57,2,0.05,1
NERDS_VIAJANTES-WIKIPEDIA-57_topics,NERDS_VIAJANTES,10481,Revelando a Foto - Mirante do Centro Geodésico,WIKIPEDIA,5218214,Portal:Nova Zelândia/Artigo selecionado/3,0.10469862786264238,57,2,0.05,1
NERDS_VIAJANTES-WIKIPEDIA-57_topics,NERDS_VIAJANTES,10948,Revelando a Foto - Laguna de Los Tres,WIKIPEDIA,4847288,Prêmio Indianápolis,0.15889471089075144,57,2,0.05,1
NERDS_VIAJANTES-WIKIPEDIA-57_topics,NERDS_VIAJANTES,10963,Revelando a Foto - Estrada em Paineiras,WIKIPEDIA,3527593,Montes Sangre de Cristo,0.15228221335166048,57,2,0.05,1
NERDS_VIAJANTES-WIKIPEDIA-57_topics,NERDS_VIAJANTES,11076,El Calafate - Mini Trekking no Perito Moreno,WIKIPEDIA,2304972,Chile Chico,0.3447316523276149,57,2,0.05,1
NERDS_VIAJANTES-WIKIPEDIA-57_topics,NERDS_VIAJANTES,11159,Serra do Cipó - Trilha para Cachoeira da Farofa,WIKIPEDIA,163124,Bacia do rio Paraíba do Sul,0.28192842305023247,57,2,0.05,1
NERDS_VIAJANTES-WIKIPEDIA-57_topics,NERDS_VIAJANTES,11119,Revelando a Foto - Trekking no Glaciar Perito Moreno,WIKIPEDIA,2192702,Glaciar Upsala,0.11750099846233061,57,2,0.05,1
NERDS_VIAJANTES-WIKIPEDIA-57_topics,NERDS_VIAJANTES,11254,El Calafate - Estancia Cristina,WIKIPEDIA,4142510,"Cactus Springs (Condado de Clark, Nevada)",0.3216264107365957,57,2,0.05,1
NERDS_VIAJANTES-WIKIPEDIA-57_topics,NERDS_VIAJANTES,11243,Revelando a Foto - Rio del Diablo,WIKIPEDIA,1422272,Castelo da Cinderela,0.18859746741271205,57,2,0.05,1
NERDS_VIAJANTES-WIKIPEDIA-57_topics,NERDS_VIAJANTES,11322,Revelando a Foto - Reflexos no Barco,WIKIPEDIA,1987325,Lista de parques estaduais da Carolina do Sul,0.0953057661960952,57,2,0.05,1
NERDS_VIAJANTES-WIKIPEDIA-57_topics,NERDS_VIAJANTES,11326,Campinas - Passeio de Maria Fumaça,WIKIPEDIA,2636499,Urbanização na Argentina,0.1602927881990264,57,2,0.05,1
NERDS_VIAJANTES-WIKIPEDIA-57_topics,NERDS_VIAJANTES,11449,Nova Zelândia - Roteiro,WIKIPEDIA,2853263,HMS Endeavour,0.38437225837039896,57,2,0.05,1
NERDS_VIAJANTES-WIKIPEDIA-57_topics,NERDS_VIAJANTES,11312,Revelando a Foto - Vagão de Trem em Campinas,WIKIPEDIA,3476774,6º Distrito Congressional da Geórgia,0.15021093582428702,57,2,0.05,1
NERDS_VIAJANTES-WIKIPEDIA-57_topics,NERDS_VIAJANTES,11371,Revelando a Foto - Polarizador no Riacho do Glaciar Huemul,WIKIPEDIA,1422272,Castelo da Cinderela,0.2391364821480504,57,2,0.05,1
NERDS_VIAJANTES-WIKIPEDIA-57_topics,NERDS_VIAJANTES,11575,Routeburn Track - Do Routeburn Shelter ao Routeburn Falls Hut,WIKIPEDIA,1348232,Albertson (Nova Iorque),0.3120837538877199,57,2,0.05,1
NERDS_VIAJANTES-WIKIPEDIA-57_topics,NERDS_VIAJANTES,11434,Revelando a Foto - Blue Pools,WIKIPEDIA,1422272,Castelo da Cinderela,0.19876343924591544,57,2,0.05,1
NERDS_VIAJANTES-WIKIPEDIA-57_topics,NERDS_VIAJANTES,11533,Nova Zelândia - Routeburn Track e as Great Walks Neozelandesas,WIKIPEDIA,5534886,Departamento de Trabalho dos Estados Unidos,0.5443146853751861,57,2,0.05,1
NERDS_VIAJANTES-WIKIPEDIA-57_topics,NERDS_VIAJANTES,11607,#EncontroBSB - I Encontro de Blogueiros de Viagens em Brasília,WIKIPEDIA,248737,Monte Caburaí,0.18721889245351467,57,2,0.05,1
NERDS_VIAJANTES-WIKIPEDIA-57_topics,NERDS_VIAJANTES,11620,Fernando de Noronha - Mergulho,WIKIPEDIA,1613699,Ilha Chatham,0.14157109426048162,57,2,0.05,1
NERDS_VIAJANTES-WIKIPEDIA-57_topics,NERDS_VIAJANTES,11797,Vídeo - Episódio Casa da Quineira,WIKIPEDIA,2736293,Norte Grande do Chile,0.21512653640151883,57,2,0.05,1
NERDS_VIAJANTES-WIKIPEDIA-57_topics,NERDS_VIAJANTES,11799,Revelando a Foto - Government Gardens em Rotorua,WIKIPEDIA,163259,Taranaki,0.10416120177079909,57,2,0.05,1
NERDS_VIAJANTES-WIKIPEDIA-57_topics,NERDS_VIAJANTES,11804,Routeburn Track - Caminhando pelas montanhas até o Lake Mackenzie,WIKIPEDIA,666499,Fiordland,0.3618825422169736,57,2,0.05,1
NERDS_VIAJANTES-WIKIPEDIA-57_topics,NERDS_VIAJANTES,11824,Routeburn Track - Do Lake Mackenzie Hut ao The Divide,WIKIPEDIA,666499,Fiordland,0.3742847973669057,57,2,0.05,1
NERDS_VIAJANTES-WIKIPEDIA-57_topics,NERDS_VIAJANTES,11883,Alasca - Roteiro,WIKIPEDIA,445474,Monte Denali,0.19369916248938074,57,2,0.05,1
NERDS_VIAJANTES-WIKIPEDIA-57_topics,NERDS_VIAJANTES,12373,Vídeo - Episódio Maria Fumaça em Campinas,WIKIPEDIA,5447378,Clement Haynsworth,0.09364638463732512,57,2,0.05,1
NERDS_VIAJANTES-WIKIPEDIA-57_topics,NERDS_VIAJANTES,12218,#TchÊncontro - Encontro de Blogueiros em Porto Alegre,WIKIPEDIA,41410,Dólar neozelandês,0.26179851910545304,57,2,0.05,1
NERDS_VIAJANTES-WIKIPEDIA-57_topics,NERDS_VIAJANTES,12683,Belo Horizonte - Degustação de Sorvetes na Alessa,WIKIPEDIA,2636499,Urbanização na Argentina,0.3143536902119907,57,2,0.05,1
NERDS_VIAJANTES-WIKIPEDIA-57_topics,NERDS_VIAJANTES,13144,Islândia - Como se Manter Conectado,WIKIPEDIA,2726929,Dalton Highway,0.10826506872910954,57,2,0.05,1
NERDS_VIAJANTES-WIKIPEDIA-57_topics,NERDS_VIAJANTES,12511,Nova Zelândia - Visitando Wanaka,WIKIPEDIA,1422272,Castelo da Cinderela,0.2614318356758734,57,2,0.05,1
NERDS_VIAJANTES-WIKIPEDIA-57_topics,NERDS_VIAJANTES,12537,Nova Zelândia - O Incrível Azul das Blue Pools,WIKIPEDIA,1352581,Andover (Flórida),0.19341423720587547,57,2,0.05,1
NERDS_VIAJANTES-WIKIPEDIA-57_topics,NERDS_VIAJANTES,12563,Islândia - Como Organizar uma Viagem de Campervan,WIKIPEDIA,6062483,Carta Geográfica do Brasil (1922),0.424849251349895,57,2,0.05,1
NERDS_VIAJANTES-WIKIPEDIA-57_topics,NERDS_VIAJANTES,12810,El Chaltén - Lago del Desierto e Glaciar Huemul,WIKIPEDIA,3435149,Região Metropolitana de Rancagua,0.33399498236693365,57,2,0.05,1
NERDS_VIAJANTES-WIKIPEDIA-57_topics,NERDS_VIAJANTES,12666,Workshop de Fotografia de Montanha,WIKIPEDIA,84263,Wikipédia:Lista de predefinições/Esboços/Geografia,0.29753052967562493,57,2,0.05,1
NERDS_VIAJANTES-WIKIPEDIA-57_topics,NERDS_VIAJANTES,13360,Parque Estadual do Rio Preto - O Que Fazer?,WIKIPEDIA,1450169,Lista de porta-aviões da Marinha dos Estados Unidos,0.41429182216059873,57,2,0.05,1
NERDS_VIAJANTES-WIKIPEDIA-57_topics,NERDS_VIAJANTES,13356,Parque Estadual do Rio Preto - Como Planejar sua Viagem,WIKIPEDIA,66002,Parque Estadual do Rio Doce,0.38238939920843945,57,2,0.05,1
NERDS_VIAJANTES-WIKIPEDIA-57_topics,NERDS_VIAJANTES,13098,Tiradentes - Uma Visão Geral da Cidade Histórica,WIKIPEDIA,6277511,Nevoeiro de São Francisco,0.4440524527898328,57,2,0.05,1
NERDS_VIAJANTES-WIKIPEDIA-57_topics,NERDS_VIAJANTES,13325,Blogueiros Por Minas - Parque Estadual do Rio Preto,WIKIPEDIA,211003,Parque Estadual Gruta da Lagoa Azul,0.222178549043011,57,2,0.05,1
NERDS_VIAJANTES-WIKIPEDIA-57_topics,NERDS_VIAJANTES,13188,Dicas de Fotografia - Como Tirar Fotos de Água em Movimento,WIKIPEDIA,1422272,Castelo da Cinderela,0.4519690205013339,57,2,0.05,1
NERDS_VIAJANTES-WIKIPEDIA-57_topics,NERDS_VIAJANTES,13282,Belo Horizonte - Visita ao Pátio Cervejeiro da Backer,WIKIPEDIA,588018,Monte Fitz Roy,0.33621440608656517,57,2,0.05,1
NERDS_VIAJANTES-WIKIPEDIA-57_topics,NERDS_VIAJANTES,13211,Islândia - Como Dirigir,WIKIPEDIA,2726929,Dalton Highway,0.18466460629876283,57,2,0.05,1
NERDS_VIAJANTES-WIKIPEDIA-57_topics,NERDS_VIAJANTES,13264,Mariana - Um Passeio Pela Cidade Histórica,WIKIPEDIA,5898434,Complexo Deodoro,0.3317959344292323,57,2,0.05,1
NERDS_VIAJANTES-WIKIPEDIA-57_topics,NERDS_VIAJANTES,13617,Parque Estadual do Rio Preto - Trilha do Cerrado,WIKIPEDIA,66002,Parque Estadual do Rio Doce,0.3034508747763603,57,2,0.05,1
NERDS_VIAJANTES-WIKIPEDIA-57_topics,NERDS_VIAJANTES,13453,Vídeo - Episódio Cachoeira da Farofa na Serra do Cipó,WIKIPEDIA,4167321,Península de Lisburne,0.08088777200119321,57,2,0.05,1
NERDS_VIAJANTES-WIKIPEDIA-57_topics,NERDS_VIAJANTES,13466,Blogueiros Por Minas - Parque Estadual do Rio Doce,WIKIPEDIA,66002,Parque Estadual do Rio Doce,0.2783411653971932,57,2,0.05,1
NERDS_VIAJANTES-WIKIPEDIA-57_topics,NERDS_VIAJANTES,13580,Valle Nevado Ski Resort - Conhecendo a Estação de Esqui,WIKIPEDIA,41410,Dólar neozelandês,0.34612257344451636,57,2,0.05,1
NERDS_VIAJANTES-WIKIPEDIA-57_topics,NERDS_VIAJANTES,13583,Valle Nevado Ski Resort - Minha Experiência com o Esqui,WIKIPEDIA,147272,Auto Club Speedway,0.20550731978641068,57,2,0.05,1
NERDS_VIAJANTES-WIKIPEDIA-57_topics,NERDS_VIAJANTES,13623,Guarulhos - Hotel Slaviero Executive Guarulhos,WIKIPEDIA,1634725,Cerro Catedral,0.23188357968407664,57,2,0.05,1
NERDS_VIAJANTES-WIKIPEDIA-57_topics,NERDS_VIAJANTES,13936,Atacama e Salar de Uyuni - Roteiro,WIKIPEDIA,148807,Chaco,0.44824980020811156,57,2,0.05,1
NERDS_VIAJANTES-WIKIPEDIA-57_topics,NERDS_VIAJANTES,13870,Vídeo - Episódio Valle Nevado Ski Resort,WIKIPEDIA,1634725,Cerro Catedral,0.08984609269114727,57,2,0.05,1
NERDS_VIAJANTES-WIKIPEDIA-57_topics,NERDS_VIAJANTES,13980,Santiago - Entardecer no Cerro San Cristóbal,WIKIPEDIA,6498209,Reserva de Desenvolvimento Sustentável Nascentes Geraizeiras,0.13237451814954626,57,2,0.05,1
NERDS_VIAJANTES-WIKIPEDIA-57_topics,NERDS_VIAJANTES,14090,Hard Rock Hotel & Casino Punta Cana - Suíte Caribe,WIKIPEDIA,2192702,Glaciar Upsala,0.3230199943346242,57,2,0.05,1
NERDS_VIAJANTES-WIKIPEDIA-57_topics,NERDS_VIAJANTES,13988,Atacama - Valle del Arcoiris,WIKIPEDIA,4988459,Deserto do Colorado,0.27630602426022477,57,2,0.05,1
NERDS_VIAJANTES-WIKIPEDIA-57_topics,NERDS_VIAJANTES,14028,Atacama - Tour do Vinho,WIKIPEDIA,147272,Auto Club Speedway,0.24260799758450347,57,2,0.05,1
NERDS_VIAJANTES-WIKIPEDIA-57_topics,NERDS_VIAJANTES,14038,Santiago - City Tour em Ônibus Hop-On Hop-Off,WIKIPEDIA,5790721,Estação salitreira,0.20514906609908612,57,2,0.05,1
NERDS_VIAJANTES-WIKIPEDIA-57_topics,NERDS_VIAJANTES,14069,Atacama - Salar de Atacama,WIKIPEDIA,4988459,Deserto do Colorado,0.3048894652985465,57,2,0.05,1
NERDS_VIAJANTES-WIKIPEDIA-57_topics,NERDS_VIAJANTES,14103,Punta Cana - Hard Rock Hotel & Casino Punta Cana,WIKIPEDIA,1176928,Austin City Limits Music Festival,0.4665928159191758,57,2,0.05,1
NERDS_VIAJANTES-WIKIPEDIA-57_topics,NERDS_VIAJANTES,14154,São Paulo - Hotel Quality Suites Oscar Freire,WIKIPEDIA,5534886,Departamento de Trabalho dos Estados Unidos,0.17431654516048933,57,2,0.05,1
NERDS_VIAJANTES-WIKIPEDIA-57_topics,NERDS_VIAJANTES,14191,Vídeo - Episódio Music Lab no Hard Rock Hotel & Casino Punta Cana,WIKIPEDIA,2192702,Glaciar Upsala,0.2561117776387171,57,2,0.05,1
NERDS_VIAJANTES-WIKIPEDIA-57_topics,NERDS_VIAJANTES,14192,Atacama - Geisers Del Tatio,WIKIPEDIA,3456443,Distúrbios de Los Angeles em 1992,0.3682809335596395,57,2,0.05,1
NERDS_VIAJANTES-WIKIPEDIA-57_topics,NERDS_VIAJANTES,14268,Vídeo - Episódio Hierbas Buenas e Valle del Arcoiris,WIKIPEDIA,2867978,Álbuns mais vendidos nos Estados Unidos,0.19071616119247886,57,2,0.05,1
NERDS_VIAJANTES-WIKIPEDIA-57_topics,NERDS_VIAJANTES,14278,Vídeo - Episódio Hard Rock Hotel & Casino Punta Cana,WIKIPEDIA,2192702,Glaciar Upsala,0.23733222079574376,57,2,0.05,1
NERDS_VIAJANTES-WIKIPEDIA-57_topics,NERDS_VIAJANTES,14368,Atacama - Salar de Tara,WIKIPEDIA,234193,San Pedro de Atacama,0.41963908409753026,57,2,0.05,1
NERDS_VIAJANTES-WIKIPEDIA-57_topics,NERDS_VIAJANTES,14565,Vídeo - Episódio Salar de Atacama,WIKIPEDIA,2867978,Álbuns mais vendidos nos Estados Unidos,0.2187839039005577,57,2,0.05,1
NERDS_VIAJANTES-WIKIPEDIA-57_topics,NERDS_VIAJANTES,14598,Vídeo - Episódio Laguna de Los Tres,WIKIPEDIA,588018,Monte Fitz Roy,0.1730475473067956,57,2,0.05,1
NERDS_VIAJANTES-WIKIPEDIA-57_topics,NERDS_VIAJANTES,14612,Vídeo - Episódio Laguna Torre,WIKIPEDIA,588018,Monte Fitz Roy,0.1348240559828537,57,2,0.05,1
NERDS_VIAJANTES-WIKIPEDIA-57_topics,NERDS_VIAJANTES,14651,Namíbia - Roteiro,WIKIPEDIA,1290804,Península de Otago,0.33013439263180666,57,2,0.05,1
NERDS_VIAJANTES-WIKIPEDIA-57_topics,NERDS_VIAJANTES,14781,Curitiblogando 2017 - Encontro de Blogueiros de Viagem em Curitiba,WIKIPEDIA,2483131,Bosque Reinhard Maack,0.5106264059731447,57,2,0.05,1
NERDS_VIAJANTES-WIKIPEDIA-57_topics,NERDS_VIAJANTES,14884,Hobbiton - Cidade dos Hobbits na Nova Zelândia,WIKIPEDIA,1358535,Affton,0.27990630823875606,57,2,0.05,1
NERDS_VIAJANTES-WIKIPEDIA-57_topics,NERDS_VIAJANTES,14839,Café do Viajante - Cafeteria em Curitiba,WIKIPEDIA,2483131,Bosque Reinhard Maack,0.3650973057703115,57,2,0.05,1
NERDS_VIAJANTES-WIKIPEDIA-57_topics,NERDS_VIAJANTES,14841,Tour Comida de Boteco - Passeio em Curitiba,WIKIPEDIA,2483131,Bosque Reinhard Maack,0.3579534527870665,57,2,0.05,1
NERDS_VIAJANTES-WIKIPEDIA-57_topics,NERDS_VIAJANTES,14946,,WIKIPEDIA,2736293,Norte Grande do Chile,0.058816828855856,57,2,0.05,1
NERDS_VIAJANTES-WIKIPEDIA-57_topics,NERDS_VIAJANTES,15022,"Cachoeira do Intancado, uma das Belezas da Cabeça de Boi",WIKIPEDIA,115393,Socompa,0.27079955526157634,57,2,0.05,1
NERDS_VIAJANTES-WIKIPEDIA-57_topics,NERDS_VIAJANTES,15034,"Cachoeira da Maçã, Bela Surpresa da Cabeça de Boi",WIKIPEDIA,543742,Pico do Itambé,0.3006513612375699,57,2,0.05,1
NERDS_VIAJANTES-WIKIPEDIA-57_topics,NERDS_VIAJANTES,15076,"Ponta do Campestre, linda vista da Chapada dos Guimarães",WIKIPEDIA,2945316,Comissão do 11 de Setembro,0.2409617569385709,57,2,0.05,1
NERDS_VIAJANTES-WIKIPEDIA-57_topics,NERDS_VIAJANTES,15114,"Vídeo de Mariana, Minas Gerais",WIKIPEDIA,2144041,Parque Municipal do Encontro dos Rios,0.2045056299493225,57,2,0.05,1
NERDS_VIAJANTES-WIKIPEDIA-57_topics,NERDS_VIAJANTES,15195,"Vídeo da Ponta do Campestre, Chapada dos Guimarães",WIKIPEDIA,2945316,Comissão do 11 de Setembro,0.2844712115590595,57,2,0.05,1
NERDS_VIAJANTES-WIKIPEDIA-57_topics,NERDS_VIAJANTES,15389,Catas Altas - Um Passeio Pela Cidade e Região,WIKIPEDIA,845543,Reserva Particular do Patrimônio Natural Santuário Caraça,0.455387321508614,57,2,0.05,1
